1111#BRX-10-0001;brixo.png;1
1111#BRX-10-0001-S;brixo.png;1
1111#BRX-10-0002;brixo.png;1
1111#BRX-10-0002-S;brixo.png;1
1111#BRX-10-0003;brixo.png;1
1111#BRX-10-0003-S;brixo.png;1
1111#BRX-10-0004;brixo.png;1
1111#BRX-10-0004-S;brixo.png;1
1111#BRX-10-0005;brixo.png;1
1111#BRX-10-0005-S;brixo.png;1
1111#BRX-10-0006;brixo.png;1
1111#BRX-10-0006-S;brixo.png;1
1111#BRX-10-0007;brixo.png;1
1111#BRX-10-0007-S;brixo.png;1
1111#BRX-10-0008;brixo.png;1
1111#BRX-10-0008-S;brixo.png;1
1111#BRX-10-0009;brixo.png;1
1111#BRX-10-0009-S;brixo.png;1
1111#BRX-10-0010;brixo.png;1
1111#BRX-10-0010-S;brixo.png;1
1111#BRX-10-0011;brixo.png;1
1111#BRX-10-0011-S;brixo.png;1
1111#BRX-10-0012;brixo.png;1
1111#BRX-10-0012-S;brixo.png;1
1111#BRX-10-0013;brixo.png;1
1111#BRX-10-0013-S;brixo.png;1
1111#BRX-10-0014;brixo.png;1
1111#BRX-10-0014-S;brixo.png;1
1111#BRX-10-0015;brixo.png;1
1111#BRX-10-0015-S;brixo.png;1
1111#BRX-10-0016;brixo.png;1
1111#BRX-10-0016-S;brixo.png;1
1111#BRX-10-0017;brixo.png;1
1111#BRX-10-0017-S;brixo.png;1
1111#BRX-10-0018;brixo.png;1
1111#BRX-10-0018-S;brixo.png;1
1111#BRX-10-0019;brixo.png;1
1111#BRX-10-0019-S;brixo.png;1
1111#BRX-10-0020;brixo.png;1
1111#BRX-10-0020-S;brixo.png;1
1111#BRX-10-0021;brixo.png;1
1111#BRX-10-0021-S;brixo.png;1
1111#BRX-10-0022;brixo.png;1
1111#BRX-10-0022-S;brixo.png;1
1111#BRX-10-0023;brixo.png;1
1111#BRX-10-0023-S;brixo.png;1
1111#BRX-10-0024;brixo.png;1
1111#BRX-10-0024-S;brixo.png;1
1111#BRX-10-0025;brixo.png;1
1111#BRX-10-0025-S;brixo.png;1
1111#BRX-10-0026;brixo.png;1
1111#BRX-10-0026-S;brixo.png;1
1111#BRX-10-0027;brixo.png;1
1111#BRX-10-0027-S;brixo.png;1
1111#BRX-10-0028;brixo.png;1
1111#BRX-10-0028-S;brixo.png;1
1111#BRX-10-0029;brixo.png;1
1111#BRX-10-0029-S;brixo.png;1
1111#BRX-10-0030;brixo.png;1
1111#BRX-10-0030-S;brixo.png;1
1111#BRX-10-0031;brixo.png;1
1111#BRX-10-0031-S;brixo.png;1
1111#BRX-10-0032;brixo.png;1
1111#BRX-10-0032-S;brixo.png;1
1111#BRX-10-0033;brixo.png;1
1111#BRX-10-0033-S;brixo.png;1
1111#BRX-10-0034;brixo.png;1
1111#BRX-10-0034-S;brixo.png;1
1111#BRX-10-0035;brixo.png;1
1111#BRX-10-0035-S;brixo.png;1
1111#BRX-10-0036;brixo.png;1
1111#BRX-10-0036-S;brixo.png;1
1111#BRX-10-0037;brixo.png;1
1111#BRX-10-0037-S;brixo.png;1
1111#BRX-10-0038;brixo.png;1
1111#BRX-10-0038-S;brixo.png;1
1111#BRX-10-0039;brixo.png;1
1111#BRX-10-0039-S;brixo.png;1
1111#BRX-10-0040;brixo.png;1
1111#BRX-10-0040-S;brixo.png;1
1111#BRX-10-0041;brixo.png;1
1111#BRX-10-0041-S;brixo.png;1
1111#BRX-10-0042;brixo.png;1
1111#BRX-10-0042-S;brixo.png;1
1111#BRX-10-0043;brixo.png;1
1111#BRX-10-0043-S;brixo.png;1
1111#BRX-10-0044;brixo.png;1
1111#BRX-10-0044-S;brixo.png;1
1111#BRX-10-0045;brixo.png;1
1111#BRX-10-0045-S;brixo.png;1
1111#BRX-10-0046;brixo.png;1
1111#BRX-10-0046-S;brixo.png;1
1111#BRX-10-0047;brixo.png;1
1111#BRX-10-0047-S;brixo.png;1
1111#BRX-10-0048;brixo.png;1
1111#BRX-10-0048-S;brixo.png;1
1111#BRX-10-0049;brixo.png;1
1111#BRX-10-0049-S;brixo.png;1
1111#BRX-10-0050;brixo.png;1
1111#BRX-10-0050-S;brixo.png;1
1111#BRX-10-0051;brixo.png;1
1111#BRX-10-0051-S;brixo.png;1
1111#BRX-10-0052;brixo.png;1
1111#BRX-10-0052-S;brixo.png;1
1111#BRX-10-0053;brixo.png;1
1111#BRX-10-0053-S;brixo.png;1
1111#BRX-10-0054;brixo.png;1
1111#BRX-10-0054-S;brixo.png;1
1111#BRX-10-0055;brixo.png;1
1111#BRX-10-0055-S;brixo.png;1
1111#BRX-10-0056;brixo.png;1
1111#BRX-10-0056-S;brixo.png;1
1111#BRX-10-0057;brixo.png;1
1111#BRX-10-0057-S;brixo.png;1
1111#BRX-10-0058;brixo.png;1
1111#BRX-10-0058-S;brixo.png;1
1111#BRX-10-0059;brixo.png;1
1111#BRX-10-0059-S;brixo.png;1
1111#BRX-10-0060;brixo.png;1
1111#BRX-10-0060-S;brixo.png;1
1111#BRX-10-0061;brixo.png;1
1111#BRX-10-0061-S;brixo.png;1
1111#BRX-10-0062;brixo.png;1
1111#BRX-10-0062-S;brixo.png;1
1111#BRX-10-0063;brixo.png;1
1111#BRX-10-0063-S;brixo.png;1
1111#BRX-10-0064;brixo.png;1
1111#BRX-10-0064-S;brixo.png;1
1111#BRX-10-0065;brixo.png;1
1111#BRX-10-0065-S;brixo.png;1
1111#BRX-10-0066;brixo.png;1
1111#BRX-10-0066-S;brixo.png;1
1111#BRX-10-0067;brixo.png;1
1111#BRX-10-0067-S;brixo.png;1
1111#BRX-10-0068;brixo.png;1
1111#BRX-10-0068-S;brixo.png;1
1111#BRX-10-0069;brixo.png;1
1111#BRX-10-0069-S;brixo.png;1
1111#BRX-10-0070;brixo.png;1
1111#BRX-10-0070-S;brixo.png;1
1111#BRX-10-0071;brixo.png;1
1111#BRX-10-0071-S;brixo.png;1
1111#BRX-10-0072;brixo.png;1
1111#BRX-10-0072-S;brixo.png;1
1111#BRX-10-0073;brixo.png;1
1111#BRX-10-0073-S;brixo.png;1
1111#BRX-10-0074;brixo.png;1
1111#BRX-10-0074-S;brixo.png;1
1111#BRX-10-0075;brixo.png;1
1111#BRX-10-0075-S;brixo.png;1
1111#BRX-10-0076;brixo.png;1
1111#BRX-10-0076-S;brixo.png;1
1111#BRX-10-0077;brixo.png;1
1111#BRX-10-0077-S;brixo.png;1
1111#BRX-10-0078;brixo.png;1
1111#BRX-10-0078-S;brixo.png;1
1111#BRX-10-0079;brixo.png;1
1111#BRX-10-0079-S;brixo.png;1
1111#BRX-10-0080;brixo.png;1
1111#BRX-10-0080-S;brixo.png;1
1111#BRX-10-0081;brixo.png;1
1111#BRX-10-0081-S;brixo.png;1
1111#BRX-10-0082;brixo.png;1
1111#BRX-10-0082-S;brixo.png;1
1111#BRX-10-0083;brixo.png;1
1111#BRX-10-0083-S;brixo.png;1
1111#BRX-10-0084;brixo.png;1
1111#BRX-10-0084-S;brixo.png;1
1111#BRX-10-0085;brixo.png;1
1111#BRX-10-0085-S;brixo.png;1
1111#BRX-10-0086;brixo.png;1
1111#BRX-10-0086-S;brixo.png;1
1111#BRX-10-0087;brixo.png;1
1111#BRX-10-0087-S;brixo.png;1
1111#BRX-10-0088;brixo.png;1
1111#BRX-10-0088-S;brixo.png;1
1111#BRX-10-0089;brixo.png;1
1111#BRX-10-0089-S;brixo.png;1
1111#BRX-10-0090;brixo.png;1
1111#BRX-10-0090-S;brixo.png;1
1111#BRX-10-0091;brixo.png;1
1111#BRX-10-0091-S;brixo.png;1
1111#BRX-10-0092;brixo.png;1
1111#BRX-10-0092-S;brixo.png;1
1111#BRX-10-0093;brixo.png;1
1111#BRX-10-0093-S;brixo.png;1
1111#BRX-10-0094;brixo.png;1
1111#BRX-10-0094-S;brixo.png;1
1111#BRX-10-0095;brixo.png;1
1111#BRX-10-0095-S;brixo.png;1
1111#BRX-10-0096;brixo.png;1
1111#BRX-10-0096-S;brixo.png;1
1111#BRX-10-0097;brixo.png;1
1111#BRX-10-0097-S;brixo.png;1
1111#BRX-10-0098;brixo.png;1
1111#BRX-10-0098-S;brixo.png;1
1111#BRX-10-0099;brixo.png;1
1111#BRX-10-0099-S;brixo.png;1
1111#BRX-10-0100;brixo.png;1
1111#BRX-10-0100-S;brixo.png;1
1111#BRX-10-0101;brixo.png;1
1111#BRX-10-0101-S;brixo.png;1
1111#BRX-10-0102;brixo.png;1
1111#BRX-10-0102-S;brixo.png;1
1111#BRX-10-0103;brixo.png;1
1111#BRX-10-0103-S;brixo.png;1
1111#BRX-10-0104;brixo.png;1
1111#BRX-10-0104-S;brixo.png;1
1111#BRX-10-0105;brixo.png;1
1111#BRX-10-0105-S;brixo.png;1
1111#BRX-10-0106;brixo.png;1
1111#BRX-10-0106-S;brixo.png;1
1111#BRX-10-0107;brixo.png;1
1111#BRX-10-0107-S;brixo.png;1
1111#BRX-10-0108;brixo.png;1
1111#BRX-10-0108-S;brixo.png;1
1111#BRX-10-0109;brixo.png;1
1111#BRX-10-0109-S;brixo.png;1
1111#BRX-10-0110;brixo.png;1
1111#BRX-10-0110-S;brixo.png;1
1111#BRX-10-0111;brixo.png;1
1111#BRX-10-0111-S;brixo.png;1
1111#BRX-10-0112;brixo.png;1
1111#BRX-10-0112-S;brixo.png;1
1111#BRX-10-0113;brixo.png;1
1111#BRX-10-0113-S;brixo.png;1
1111#BRX-10-0114;brixo.png;1
1111#BRX-10-0114-S;brixo.png;1
1111#BRX-10-0115;brixo.png;1
1111#BRX-10-0115-S;brixo.png;1
1111#BRX-10-0116;brixo.png;1
1111#BRX-10-0116-S;brixo.png;1
1111#BRX-10-0117;brixo.png;1
1111#BRX-10-0117-S;brixo.png;1
1111#BRX-10-0118;brixo.png;1
1111#BRX-10-0118-S;brixo.png;1
1111#BRX-10-0119;brixo.png;1
1111#BRX-10-0119-S;brixo.png;1
1111#BRX-10-0120;brixo.png;1
1111#BRX-10-0120-S;brixo.png;1
1111#BRX-10-0121;brixo.png;1
1111#BRX-10-0121-S;brixo.png;1
1111#BRX-10-0122;brixo.png;1
1111#BRX-10-0122-S;brixo.png;1
1111#BRX-10-0123;brixo.png;1
1111#BRX-10-0123-S;brixo.png;1
1111#BRX-10-0124;brixo.png;1
1111#BRX-10-0124-S;brixo.png;1
1111#BRX-10-0125;brixo.png;1
1111#BRX-10-0125-S;brixo.png;1
1111#BRX-10-0126;brixo.png;1
1111#BRX-10-0126-S;brixo.png;1
1111#BRX-10-0127;brixo.png;1
1111#BRX-10-0127-S;brixo.png;1
1111#BRX-10-0128;brixo.png;1
1111#BRX-10-0128-S;brixo.png;1
1111#BRX-10-0129;brixo.png;1
1111#BRX-10-0129-S;brixo.png;1
1111#BRX-10-0130;brixo.png;1
1111#BRX-10-0130-S;brixo.png;1
1111#BRX-10-0131;brixo.png;1
1111#BRX-10-0131-S;brixo.png;1
1111#BRX-10-0132;brixo.png;1
1111#BRX-10-0132-S;brixo.png;1
1111#BRX-10-0133;brixo.png;1
1111#BRX-10-0133-S;brixo.png;1
1111#BRX-10-0134;brixo.png;1
1111#BRX-10-0134-S;brixo.png;1
1111#BRX-10-0135;brixo.png;1
1111#BRX-10-0135-S;brixo.png;1
1111#BRX-10-0136;brixo.png;1
1111#BRX-10-0136-S;brixo.png;1
1111#BRX-10-0137;brixo.png;1
1111#BRX-10-0137-S;brixo.png;1
1111#BRX-10-0138;brixo.png;1
1111#BRX-10-0138-S;brixo.png;1
1111#BRX-10-0139;brixo.png;1
1111#BRX-10-0139-S;brixo.png;1
1111#BRX-10-0140;brixo.png;1
1111#BRX-10-0140-S;brixo.png;1
1111#BRX-10-0141;brixo.png;1
1111#BRX-10-0141-S;brixo.png;1
1111#BRX-10-0142;brixo.png;1
1111#BRX-10-0142-S;brixo.png;1
1111#BRX-10-0143;brixo.png;1
1111#BRX-10-0143-S;brixo.png;1
1111#BRX-10-0144;brixo.png;1
1111#BRX-10-0144-S;brixo.png;1
1111#BRX-10-0145;brixo.png;1
1111#BRX-10-0145-S;brixo.png;1
1111#BRX-10-0146;brixo.png;1
1111#BRX-10-0146-S;brixo.png;1
1111#BRX-10-0147;brixo.png;1
1111#BRX-10-0147-S;brixo.png;1
1111#BRX-10-0148;brixo.png;1
1111#BRX-10-0148-S;brixo.png;1
1111#BRX-10-0149;brixo.png;1
1111#BRX-10-0149-S;brixo.png;1
1111#BRX-10-0150;brixo.png;1
1111#BRX-10-0150-S;brixo.png;1
1111#BRX-10-0151;brixo.png;1
1111#BRX-10-0151-S;brixo.png;1
1111#BRX-10-0152;brixo.png;1
1111#BRX-10-0152-S;brixo.png;1
1111#BRX-10-0153;brixo.png;1
1111#BRX-10-0153-S;brixo.png;1
1111#BRX-10-0154;brixo.png;1
1111#BRX-10-0154-S;brixo.png;1
1111#BRX-10-0155;brixo.png;1
1111#BRX-10-0155-S;brixo.png;1
1111#BRX-10-0156;brixo.png;1
1111#BRX-10-0156-S;brixo.png;1
1111#BRX-10-0157;brixo.png;1
1111#BRX-10-0157-S;brixo.png;1
1111#BRX-10-0158;brixo.png;1
1111#BRX-10-0158-S;brixo.png;1
1111#BRX-10-0159;brixo.png;1
1111#BRX-10-0159-S;brixo.png;1
1111#BRX-10-0160;brixo.png;1
1111#BRX-10-0160-S;brixo.png;1
1111#BRX-10-0161;brixo.png;1
1111#BRX-10-0161-S;brixo.png;1
1111#BRX-10-0162;brixo.png;1
1111#BRX-10-0162-S;brixo.png;1
1111#BRX-10-0163;brixo.png;1
1111#BRX-10-0163-S;brixo.png;1
1111#BRX-10-0164;brixo.png;1
1111#BRX-10-0164-S;brixo.png;1
1111#BRX-10-0165;brixo.png;1
1111#BRX-10-0165-S;brixo.png;1
1111#BRX-10-0166;brixo.png;1
1111#BRX-10-0166-S;brixo.png;1
1111#BRX-10-0167;brixo.png;1
1111#BRX-10-0167-S;brixo.png;1
1111#BRX-10-0168;brixo.png;1
1111#BRX-10-0168-S;brixo.png;1
1111#BRX-10-0169;brixo.png;1
1111#BRX-10-0169-S;brixo.png;1
1111#BRX-10-0170;brixo.png;1
1111#BRX-10-0170-S;brixo.png;1
1111#BRX-10-0171;brixo.png;1
1111#BRX-10-0171-S;brixo.png;1
1111#BRX-10-0172;brixo.png;1
1111#BRX-10-0172-S;brixo.png;1
1111#BRX-10-0173;brixo.png;1
1111#BRX-10-0173-S;brixo.png;1
1111#BRX-10-0174;brixo.png;1
1111#BRX-10-0174-S;brixo.png;1
1111#BRX-10-0175;brixo.png;1
1111#BRX-10-0175-S;brixo.png;1
1111#BRX-10-0176;brixo.png;1
1111#BRX-10-0176-S;brixo.png;1
1111#BRX-10-0177;brixo.png;1
1111#BRX-10-0177-S;brixo.png;1
1111#BRX-10-0178;brixo.png;1
1111#BRX-10-0178-S;brixo.png;1
1111#BRX-10-0179;brixo.png;1
1111#BRX-10-0179-S;brixo.png;1
1111#BRX-10-0180;brixo.png;1
1111#BRX-10-0180-S;brixo.png;1
1111#BRX-10-0181;brixo.png;1
1111#BRX-10-0181-S;brixo.png;1
1111#BRX-10-0182;brixo.png;1
1111#BRX-10-0182-S;brixo.png;1
1111#BRX-10-0183;brixo.png;1
1111#BRX-10-0183-S;brixo.png;1
1111#BRX-10-0184;brixo.png;1
1111#BRX-10-0184-S;brixo.png;1
1111#BRX-10-0185;brixo.png;1
1111#BRX-10-0185-S;brixo.png;1
1111#BRX-10-0186;brixo.png;1
1111#BRX-10-0186-S;brixo.png;1
1111#BRX-10-0187;brixo.png;1
1111#BRX-10-0187-S;brixo.png;1
1111#BRX-10-0188;brixo.png;1
1111#BRX-10-0188-S;brixo.png;1
1111#BRX-10-0189;brixo.png;1
1111#BRX-10-0189-S;brixo.png;1
1111#BRX-10-0190;brixo.png;1
1111#BRX-10-0190-S;brixo.png;1
1111#BRX-10-0191;brixo.png;1
1111#BRX-10-0191-S;brixo.png;1
1111#BRX-10-0192;brixo.png;1
1111#BRX-10-0192-S;brixo.png;1
1111#BRX-10-0193;brixo.png;1
1111#BRX-10-0193-S;brixo.png;1
1111#BRX-10-0194;brixo.png;1
1111#BRX-10-0194-S;brixo.png;1
1111#BRX-10-0195;brixo.png;1
1111#BRX-10-0195-S;brixo.png;1
1111#BRX-10-0196;brixo.png;1
1111#BRX-10-0196-S;brixo.png;1
1111#BRX-10-0197;brixo.png;1
1111#BRX-10-0197-S;brixo.png;1
1111#BRX-10-0198;brixo.png;1
1111#BRX-10-0198-S;brixo.png;1
1111#BRX-10-0199;brixo.png;1
1111#BRX-10-0199-S;brixo.png;1
1111#BRX-10-0200;brixo.png;1
1111#BRX-10-0200-S;brixo.png;1
1111#BRX-10-0201;brixo.png;1
1111#BRX-10-0201-S;brixo.png;1
1111#BRX-10-0202;brixo.png;1
1111#BRX-10-0202-S;brixo.png;1
1111#BRX-14-0001-S;brixo.png;1
1111#BRX-14-0002-S;brixo.png;1
1111#BRX-14-0003-S;brixo.png;1
1111#BRX-14-0004-S;brixo.png;1
1111#BRX-14-0005-S;brixo.png;1
1111#BRX-14-0006-S;brixo.png;1
1111#BRX-14-0007-S;brixo.png;1
1111#BRX-14-0008-S;brixo.png;1
1111#BRX-14-0009-S;brixo.png;1
1111#BRX-14-0010-S;brixo.png;1
1111#BRX-14-0012-S;brixo.png;1
1111#BRX-14-0013-S;brixo.png;1
1111#BRX-14-0014-S;brixo.png;1
1111#BRX-14-0015-S;brixo.png;1
1111#BRX-14-0016-S;brixo.png;1
1111#BRX-14-0017-S;brixo.png;1
1111#BRX-14-0018-S;brixo.png;1
1111#BRX-14-0019-S;brixo.png;1
1111#BRX-14-0020-S;brixo.png;1
1111#BRX-14-0021-S;brixo.png;1
1111#BRX-14-0022-S;brixo.png;1
1111#BRX-14-0023-S;brixo.png;1
1111#BRX-14-0024-S;brixo.png;1
1111#BRX-14-0025-S;brixo.png;1
1111#BRX-14-0026-S;brixo.png;1
1111#BRX-14-0027-S;brixo.png;1
1111#BRX-14-0028-S;brixo.png;1
1111#BRX-14-0031-S;brixo.png;1
1111#BRX-14-0032-S;brixo.png;1
1111#BRX-14-0033-S;brixo.png;1
1111#BRX-14-0034-S;brixo.png;1
1111#BRX-14-0035-S;brixo.png;1
1111#BRX-14-0036-S;brixo.png;1
1111#BRX-14-0037-S;brixo.png;1
1111#BRX-14-0038-S;brixo.png;1
1111#BRX-14-0039-S;brixo.png;1
1111#BRX-14-0040-S;brixo.png;1
1111#BRX-14-0041-S;brixo.png;1
1111#BRX-14-0042-S;brixo.png;1
1111#BRX-14-0043-S;brixo.png;1
1111#BRX-14-0044-S;brixo.png;1
1111#BRX-14-0045-S;brixo.png;1
1111#BRX-14-0047-S;brixo.png;1
1111#BRX-14-0048-S;brixo.png;1
1111#BRX-14-0049-S;brixo.png;1
1111#BRX-14-0050-S;brixo.png;1
1111#BRX-14-0051-S;brixo.png;1
1111#BRX-14-0052-S;brixo.png;1
1111#BRX-14-0053-S;brixo.png;1
1111#BRX-14-0055-S;brixo.png;1
1111#BRX-14-0056-S;brixo.png;1
1111#BRX-14-0057-S;brixo.png;1
1111#BRX-14-0058-S;brixo.png;1
1111#BRX-14-0059-S;brixo.png;1
1111#BRX-14-0061-S;brixo.png;1
1111#BRX-14-0063-S;brixo.png;1
1111#BRX-14-0064-S;brixo.png;1
1111#BRX-14-0065-S;brixo.png;1
1111#BRX-14-0066-S;brixo.png;1
1111#BRX-14-0067-S;brixo.png;1
1111#BRX-14-0068-S;brixo.png;1
1111#BRX-14-0069-S;brixo.png;1
1111#BRX-14-0070-S;brixo.png;1
1111#BRX-14-0071-S;brixo.png;1
1111#BRX-14-0072-S;brixo.png;1
1111#BRX-14-0073-S;brixo.png;1
1111#BRX-14-0074-S;brixo.png;1
1111#BRX-14-0075-S;brixo.png;1
1111#BRX-14-0076-S;brixo.png;1
1111#BRX-14-0077-S;brixo.png;1
1111#BRX-14-0078-S;brixo.png;1
1111#BRX-14-0080-S;brixo.png;1
1111#BRX-14-0081-S;brixo.png;1
1111#BRX-14-0082-S;brixo.png;1
1111#BRX-14-0083-S;brixo.png;1
1111#BRX-14-0084-S;brixo.png;1
1111#BRX-14-0085-S;brixo.png;1
1111#BRX-14-0086-S;brixo.png;1
1111#BRX-14-0087-S;brixo.png;1
1111#BRX-14-0088-S;brixo.png;1
1111#BRX-14-0089-S;brixo.png;1
1111#BRX-14-0090-S;brixo.png;1
1111#BRX-14-0091-S;brixo.png;1
1111#BRX-14-0092-S;brixo.png;1
1111#BRX-14-0094-S;brixo.png;1
1111#BRX-14-0096-S;brixo.png;1
1111#BRX-14-0097-S;brixo.png;1
1111#BRX-14-0098-S;brixo.png;1
1111#BRX-14-0099-S;brixo.png;1
1111#BRX-14-0101-S;brixo.png;1
1111#BRX-14-0102-S;brixo.png;1
1111#BRX-14-0103-S;brixo.png;1
1111#BRX-14-0104-S;brixo.png;1
1111#BRX-14-0105-S;brixo.png;1
1111#BRX-14-0106-S;brixo.png;1
1111#BRX-14-0107-S;brixo.png;1
1111#BRX-14-0108-S;brixo.png;1
1111#BRX-14-0109-S;brixo.png;1
1111#BRX-14-0110-S;brixo.png;1
1111#BRX-14-0111-S;brixo.png;1
1111#BRX-14-0112-S;brixo.png;1
1111#BRX-14-0113-S;brixo.png;1
1111#BRX-14-0114-S;brixo.png;1
1111#BRX-14-0115-S;brixo.png;1
1111#BRX-14-0116-S;brixo.png;1
1111#BRX-14-0117-S;brixo.png;1
1111#BRX-14-0118-S;brixo.png;1
1111#BRX-14-0119-S;brixo.png;1
1111#BRX-14-0120-S;brixo.png;1
1111#BRX-14-0122-S;brixo.png;1
1111#BRX-14-0123-S;brixo.png;1
1111#BRX-14-0124-S;brixo.png;1
1111#BRX-14-0125-S;brixo.png;1
1111#BRX-14-0127-S;brixo.png;1
1111#BRX-14-0128-S;brixo.png;1
1111#BRX-14-0129-S;brixo.png;1
1111#BRX-14-0130-S;brixo.png;1
1111#BRX-14-0131-S;brixo.png;1
1111#BRX-14-0132-S;brixo.png;1
1111#BRX-14-0133-S;brixo.png;1
1111#BRX-14-0134-S;brixo.png;1
1111#BRX-14-0135-S;brixo.png;1
1111#BRX-14-0136-S;brixo.png;1
1111#BRX-14-0137-S;brixo.png;1
1111#BRX-14-0138-S;brixo.png;1
1111#BRX-14-0140-S;brixo.png;1
1111#BRX-14-0141-S;brixo.png;1
1111#BRX-14-0142-S;brixo.png;1
1111#BRX-14-0143-S;brixo.png;1
1111#BRX-14-0144-S;brixo.png;1
1111#BRX-14-0145-S;brixo.png;1
1111#BRX-14-0146-S;brixo.png;1
1111#BRX-14-0147-S;brixo.png;1
1111#BRX-14-0148-S;brixo.png;1
1111#BRX-14-0149-S;brixo.png;1
1111#BRX-14-0150-S;brixo.png;1
1111#BRX-14-0152-S;brixo.png;1
1111#BRX-14-0153-S;brixo.png;1
1111#BRX-14-0154-S;brixo.png;1
1111#BRX-14-0155-S;brixo.png;1
1111#BRX-14-0156-S;brixo.png;1
1111#BRX-14-0157-S;brixo.png;1
1111#BRX-14-0159-S;brixo.png;1
1111#BRX-14-0160-S;brixo.png;1
1111#BRX-14-0161-S;brixo.png;1
1111#BRX-14-0162-S;brixo.png;1
1111#BRX-14-0163-S;brixo.png;1
1111#BRX-14-0164-S;brixo.png;1
1111#BRX-14-0165-S;brixo.png;1
1111#BRX-14-0166-S;brixo.png;1
1111#BRX-14-0167-S;brixo.png;1
1111#BRX-14-0168-S;brixo.png;1
1111#BRX-14-0170-S;brixo.png;1
1111#BRX-14-0171-S;brixo.png;1
1111#BRX-14-0172-S;brixo.png;1
1111#BRX-14-0173-S;brixo.png;1
1111#BRX-14-0174-S;brixo.png;1
1111#BRX-14-0176-S;brixo.png;1
1111#BRX-14-0177-S;brixo.png;1
1111#BRX-14-0178-S;brixo.png;1
1111#BRX-14-0179-S;brixo.png;1
1111#BRX-14-0180-S;brixo.png;1
1111#BRX-14-0181-S;brixo.png;1
1111#BRX-14-0182-S;brixo.png;1
1111#BRX-14-0183-S;brixo.png;1
1111#BRX-14-0184-S;brixo.png;1
1111#BRX-14-0185-S;brixo.png;1
1111#BRX-14-0186-S;brixo.png;1
1111#BRX-14-0187-S;brixo.png;1
1111#BRX-14-0188-S;brixo.png;1
1111#BRX-14-0189-S;brixo.png;1
1111#BRX-14-0190-S;brixo.png;1
1111#BRX-14-0191-S;brixo.png;1
1111#BRX-14-0192-S;brixo.png;1
1111#BRX-14-0194-S;brixo.png;1
1111#BRX-14-0195-S;brixo.png;1
1111#BRX-14-0196-S;brixo.png;1
1111#BRX-14-0197-S;brixo.png;1
1111#BRX-14-0199-S;brixo.png;1
1111#BRX-14-0202-S;brixo.png;1
1111#BRX-14-0203-S;brixo.png;1
1111#BRX-14-0204-S;brixo.png;1
1111#BRX-14-0205-S;brixo.png;1
1111#BRX-14-0206-S;brixo.png;1
1111#BRX-14-0207-S;brixo.png;1
1111#BRX-14-0208-S;brixo.png;1
1111#BRX-14-0209-S;brixo.png;1
1111#BRX-14-0210-S;brixo.png;1
1111#BRX-14-0211-S;brixo.png;1
1111#BRX-14-0212-S;brixo.png;1
1111#BRX-14-0213-S;brixo.png;1
1111#BRX-14-0214-S;brixo.png;1
1111#BRX-14-0215-S;brixo.png;1
1111#BRX-14-0216-S;brixo.png;1
1111#BRX-14-0217-S;brixo.png;1
1111#BRX-14-0218-S;brixo.png;1
1111#BRX-14-0219-S;brixo.png;1
1111#BRX-14-0220-S;brixo.png;1
1111#BRX-14-0011-S;brixo.png;1
1111#BRX-14-0029-S;brixo.png;1
1111#BRX-14-0030-S;brixo.png;1
1111#BRX-14-0054-S;brixo.png;1
1111#BRX-14-0062-S;brixo.png;1
1111#BRX-14-0079-S;brixo.png;1
1111#BRX-14-0093-S;brixo.png;1
1111#BRX-14-0095-S;brixo.png;1
1111#BRX-14-0121-S;brixo.png;1
1111#BRX-14-0046-S;brixo.png;1
1111#BRX-14-0158-S;brixo.png;1
1111#BRX-14-0139-S;brixo.png;1
1111#BRX-14-0100-S;brixo.png;1
1111#BRX-14-0126-S;brixo.png;1
1111#BRX-14-0201-S;brixo.png;1
1111#BRX-14-0200-S;brixo.png;1
1111#BRX-14-0198-S;brixo.png;1
1111#BRX-14-0193-S;brixo.png;1
1111#BRX-14-0169-S;brixo.png;1
1111#BRX-14-0175-S;brixo.png;1
1111#BRX-14-0060-S;brixo.png;1
1111#BRX-14-0151-S;brixo.png;1
1111#BRX-14-0001;brixo.png;1
1111#BRX-14-0002;brixo.png;1
1111#BRX-14-0003;brixo.png;1
1111#BRX-14-0004;brixo.png;1
1111#BRX-14-0005;brixo.png;1
1111#BRX-14-0006;brixo.png;1
1111#BRX-14-0007;brixo.png;1
1111#BRX-14-0008;brixo.png;1
1111#BRX-14-0009;brixo.png;1
1111#BRX-14-0010;brixo.png;1
1111#BRX-14-0012;brixo.png;1
1111#BRX-14-0013;brixo.png;1
1111#BRX-18-0001;brixo.png;1
1111#BRX-14-0014;brixo.png;1
1111#BRX-14-0015;brixo.png;1
1111#BRX-14-0016;brixo.png;1
1111#BRX-14-0017;brixo.png;1
1111#BRX-14-0018;brixo.png;1
1111#BRX-14-0019;brixo.png;1
1111#BRX-14-0020;brixo.png;1
1111#BRX-14-0021;brixo.png;1
1111#BRX-14-0022;brixo.png;1
1111#BRX-14-0023;brixo.png;1
1111#BRX-14-0024;brixo.png;1
1111#BRX-14-0025;brixo.png;1
1111#BRX-14-0026;brixo.png;1
1111#BRX-14-0027;brixo.png;1
1111#BRX-14-0028;brixo.png;1
1111#BRX-14-0031;brixo.png;1
1111#BRX-14-0032;brixo.png;1
1111#BRX-14-0033;brixo.png;1
1111#BRX-14-0034;brixo.png;1
1111#BRX-14-0035;brixo.png;1
1111#BRX-14-0036;brixo.png;1
1111#BRX-14-0037;brixo.png;1
1111#BRX-14-0038;brixo.png;1
1111#BRX-14-0039;brixo.png;1
1111#BRX-14-0040;brixo.png;1
1111#BRX-14-0041;brixo.png;1
1111#BRX-14-0042;brixo.png;1
1111#BRX-14-0043;brixo.png;1
1111#BRX-14-0044;brixo.png;1
1111#BRX-14-0045;brixo.png;1
1111#BRX-14-0047;brixo.png;1
1111#BRX-14-0048;brixo.png;1
1111#BRX-14-0049;brixo.png;1
1111#BRX-14-0050;brixo.png;1
1111#BRX-14-0051;brixo.png;1
1111#BRX-14-0052;brixo.png;1
1111#BRX-14-0053;brixo.png;1
1111#BRX-14-0055;brixo.png;1
1111#BRX-14-0056;brixo.png;1
1111#BRX-14-0057;brixo.png;1
1111#BRX-14-0058;brixo.png;1
1111#BRX-14-0059;brixo.png;1
1111#BRX-14-0061;brixo.png;1
1111#BRX-14-0063;brixo.png;1
1111#BRX-14-0064;brixo.png;1
1111#BRX-14-0065;brixo.png;1
1111#BRX-18-0003;brixo.png;1
1111#BRX-14-0066;brixo.png;1
1111#BRX-14-0067;brixo.png;1
1111#BRX-14-0068;brixo.png;1
1111#BRX-14-0069;brixo.png;1
1111#BRX-14-0070;brixo.png;1
1111#BRX-14-0071;brixo.png;1
1111#BRX-14-0072;brixo.png;1
1111#BRX-14-0073;brixo.png;1
1111#BRX-14-0074;brixo.png;1
1111#BRX-14-0075;brixo.png;1
1111#BRX-14-0076;brixo.png;1
1111#BRX-14-0077;brixo.png;1
1111#BRX-14-0078;brixo.png;1
1111#BRX-14-0080;brixo.png;1
1111#BRX-14-0081;brixo.png;1
1111#BRX-14-0082;brixo.png;1
1111#BRX-14-0083;brixo.png;1
1111#BRX-14-0084;brixo.png;1
1111#BRX-14-0085;brixo.png;1
1111#BRX-14-0086;brixo.png;1
1111#BRX-14-0087;brixo.png;1
1111#BRX-14-0088;brixo.png;1
1111#BRX-14-0089;brixo.png;1
1111#BRX-14-0090;brixo.png;1
1111#BRX-14-0091;brixo.png;1
1111#BRX-14-0092;brixo.png;1
1111#BRX-14-0094;brixo.png;1
1111#BRX-14-0096;brixo.png;1
1111#BRX-14-0097;brixo.png;1
1111#BRX-14-0098;brixo.png;1
1111#BRX-14-0099;brixo.png;1
1111#BRX-14-0101;brixo.png;1
1111#BRX-14-0102;brixo.png;1
1111#BRX-14-0103;brixo.png;1
1111#BRX-14-0104;brixo.png;1
1111#BRX-14-0105;brixo.png;1
1111#BRX-14-0106;brixo.png;1
1111#BRX-14-0107;brixo.png;1
1111#BRX-14-0108;brixo.png;1
1111#BRX-14-0109;brixo.png;1
1111#BRX-14-0110;brixo.png;1
1111#BRX-14-0111;brixo.png;1
1111#BRX-14-0112;brixo.png;1
1111#BRX-14-0113;brixo.png;1
1111#BRX-14-0114;brixo.png;1
1111#BRX-14-0115;brixo.png;1
1111#BRX-14-0116;brixo.png;1
1111#BRX-14-0117;brixo.png;1
1111#BRX-14-0118;brixo.png;1
1111#BRX-14-0119;brixo.png;1
1111#BRX-14-0120;brixo.png;1
1111#BRX-14-0122;brixo.png;1
1111#BRX-14-0123;brixo.png;1
1111#BRX-14-0124;brixo.png;1
1111#BRX-14-0125;brixo.png;1
1111#BRX-14-0127;brixo.png;1
1111#BRX-14-0128;brixo.png;1
1111#BRX-14-0129;brixo.png;1
1111#BRX-14-0130;brixo.png;1
1111#BRX-14-0131;brixo.png;1
1111#BRX-14-0132;brixo.png;1
1111#BRX-14-0133;brixo.png;1
1111#BRX-14-0134;brixo.png;1
1111#BRX-14-0135;brixo.png;1
1111#BRX-14-0136;brixo.png;1
1111#BRX-14-0137;brixo.png;1
1111#BRX-14-0138;brixo.png;1
1111#BRX-14-0140;brixo.png;1
1111#BRX-14-0141;brixo.png;1
1111#BRX-14-0142;brixo.png;1
1111#BRX-14-0143;brixo.png;1
1111#BRX-14-0144;brixo.png;1
1111#BRX-14-0145;brixo.png;1
1111#BRX-14-0146;brixo.png;1
1111#BRX-14-0147;brixo.png;1
1111#BRX-14-0148;brixo.png;1
1111#BRX-14-0149;brixo.png;1
1111#BRX-14-0150;brixo.png;1
1111#BRX-14-0152;brixo.png;1
1111#BRX-14-0153;brixo.png;1
1111#BRX-14-0154;brixo.png;1
1111#BRX-14-0155;brixo.png;1
1111#BRX-14-0156;brixo.png;1
1111#BRX-14-0157;brixo.png;1
1111#BRX-14-0159;brixo.png;1
1111#BRX-14-0160;brixo.png;1
1111#BRX-14-0161;brixo.png;1
1111#BRX-14-0162;brixo.png;1
1111#BRX-14-0163;brixo.png;1
1111#BRX-14-0164;brixo.png;1
1111#BRX-14-0165;brixo.png;1
1111#BRX-14-0166;brixo.png;1
1111#BRX-14-0167;brixo.png;1
1111#BRX-14-0168;brixo.png;1
1111#BRX-14-0170;brixo.png;1
1111#BRX-14-0171;brixo.png;1
1111#BRX-14-0172;brixo.png;1
1111#BRX-14-0173;brixo.png;1
1111#BRX-14-0174;brixo.png;1
1111#BRX-14-0176;brixo.png;1
1111#BRX-14-0177;brixo.png;1
1111#BRX-14-0178;brixo.png;1
1111#BRX-14-0179;brixo.png;1
1111#BRX-14-0180;brixo.png;1
1111#BRX-14-0181;brixo.png;1
1111#BRX-14-0182;brixo.png;1
1111#BRX-14-0183;brixo.png;1
1111#BRX-14-0184;brixo.png;1
1111#BRX-14-0185;brixo.png;1
1111#BRX-14-0186;brixo.png;1
1111#BRX-14-0187;brixo.png;1
1111#BRX-14-0188;brixo.png;1
1111#BRX-14-0189;brixo.png;1
1111#BRX-14-0190;brixo.png;1
1111#BRX-14-0191;brixo.png;1
1111#BRX-14-0192;brixo.png;1
1111#BRX-14-0194;brixo.png;1
1111#BRX-14-0195;brixo.png;1
1111#BRX-14-0196;brixo.png;1
1111#BRX-14-0197;brixo.png;1
1111#BRX-14-0199;brixo.png;1
1111#BRX-14-0202;brixo.png;1
1111#BRX-14-0203;brixo.png;1
1111#BRX-14-0204;brixo.png;1
1111#BRX-14-0205;brixo.png;1
1111#BRX-14-0206;brixo.png;1
1111#BRX-14-0207;brixo.png;1
1111#BRX-14-0208;brixo.png;1
1111#BRX-14-0209;brixo.png;1
1111#BRX-14-0210;brixo.png;1
1111#BRX-14-0211;brixo.png;1
1111#BRX-14-0212;brixo.png;1
1111#BRX-14-0213;brixo.png;1
1111#BRX-14-0214;brixo.png;1
1111#BRX-14-0215;brixo.png;1
1111#BRX-14-0216;brixo.png;1
1111#BRX-14-0217;brixo.png;1
1111#BRX-14-0218;brixo.png;1
1111#BRX-14-0219;brixo.png;1
1111#BRX-14-0220;brixo.png;1
1111#BRX-18-0004;brixo.png;1
1111#BRX-18-0005;brixo.png;1
1111#BRX-18-0006;brixo.png;1
1111#BRX-18-0007;brixo.png;1
1111#BRX-18-0008;brixo.png;1
1111#BRX-18-0009;brixo.png;1
1111#BRX-18-0010;brixo.png;1
1111#BRX-18-0011;brixo.png;1
1111#BRX-18-0012;brixo.png;1
1111#BRX-14-0011;brixo.png;1
1111#BRX-14-0029;brixo.png;1
1111#BRX-14-0030;brixo.png;1
1111#BRX-14-0054;brixo.png;1
1111#BRX-14-0062;brixo.png;1
1111#BRX-14-0079;brixo.png;1
1111#BRX-14-0093;brixo.png;1
1111#BRX-14-0095;brixo.png;1
1111#BRX-14-0121;brixo.png;1
1111#BRX-18-0002;brixo.png;1
1111#BRX-14-0046;brixo.png;1
1111#BRX-14-0158;brixo.png;1
1111#BRX-14-0139;brixo.png;1
1111#BRX-14-0100;brixo.png;1
1111#BRX-14-0126;brixo.png;1
1111#BRX-14-0201;brixo.png;1
1111#BRX-14-0200;brixo.png;1
1111#BRX-14-0198;brixo.png;1
1111#BRX-14-0193;brixo.png;1
1111#BRX-14-0169;brixo.png;1
1111#BRX-14-0175;brixo.png;1
1111#BRX-14-0060;brixo.png;1
1111#BRX-14-0151;brixo.png;1
1111#BRX-10-0166;brixo.png;1
;brixo.png;1
1111#BRX-10-0167;brixo.png;1
1111#BRX-10-0168;brixo.png;1
1111#BRX-10-0169;brixo.png;1
1111#BRX-10-0170;brixo.png;1
1111#BRX-10-0171;brixo.png;1
1111#BRX-10-0172;brixo.png;1
1111#BRX-10-0173;brixo.png;1
1111#BRX-10-0174;brixo.png;1
1111#BRX-10-0175;brixo.png;1
1111#BRX-10-0176;brixo.png;1
1111#BRX-10-0177;brixo.png;1
1111#BRX-10-0178;brixo.png;1
1111#BRX-10-0179;brixo.png;1
1111#BRX-10-0180;brixo.png;1
1111#BRX-10-0181;brixo.png;1
1111#BRX-10-0182;brixo.png;1
1111#BRX-10-0183;brixo.png;1
1111#BRX-10-0184;brixo.png;1
1111#BRX-10-0185;brixo.png;1
1111#BRX-10-0186;brixo.png;1
1111#BRX-10-0187;brixo.png;1
1111#BRX-10-0188;brixo.png;1
1111#BRX-10-0189;brixo.png;1
1111#BRX-10-0190;brixo.png;1
1111#BRX-10-0191;brixo.png;1
1111#BRX-10-0192;brixo.png;1
1111#BRX-10-0193;brixo.png;1
1111#BRX-10-0194;brixo.png;1
1111#BRX-10-0195;brixo.png;1
1111#BRX-10-0196;brixo.png;1
1111#BRX-10-0197;brixo.png;1
1111#BRX-10-0198;brixo.png;1
1111#BRX-10-0199;brixo.png;1
1111#BRX-10-0200;brixo.png;1
1111#BRX-10-0201;brixo.png;1
1111#BRX-10-0202;brixo.png;1
1111#BRX-10-0203;brixo.png;1
1111#BRX-10-0204;brixo.png;1
1111#BRX-10-0205;brixo.png;1
1111#BRX-10-0206;brixo.png;1
1111#BRX-10-0207;brixo.png;1
1111#BRX-10-0208;brixo.png;1
1111#BRX-10-0209;brixo.png;1
1111#BRX-10-0210;brixo.png;1
1111#BRX-10-0211;brixo.png;1
1111#BRX-10-0212;brixo.png;1
1111#BRX-10-0213;brixo.png;1
1111#BRX-10-0214;brixo.png;1
1111#BRX-10-0215;brixo.png;1
1111#BRX-10-0216;brixo.png;1
1111#BRX-10-0217;brixo.png;1
1111#BRX-10-0218;brixo.png;1
1111#BRX-10-0219;brixo.png;1
1111#BRX-10-0222;brixo.png;1
1111#BRX-10-0223;brixo.png;1
1111#BRX-10-0224;brixo.png;1
1111#BRX-10-0225;brixo.png;1
1111#BRX-10-0226;brixo.png;1
1111#BRX-10-0227;brixo.png;1
1111#BRX-10-0228;brixo.png;1
1111#BRX-10-0229;brixo.png;1
1111#BRX-10-0230;brixo.png;1
1111#BRX-10-0231;brixo.png;1
1111#BRX-10-0232;brixo.png;1
1111#BRX-10-0233;brixo.png;1
1111#BRX-10-0234;brixo.png;1
1111#BRX-10-0235;brixo.png;1
1111#BRX-10-0236;brixo.png;1
1111#BRX-10-0237;brixo.png;1
1111#BRX-10-0238;brixo.png;1
1111#BRX-10-0239;brixo.png;1
1111#BRX-10-0240;brixo.png;1
1111#BRX-10-0241;brixo.png;1
1111#BRX-10-0242;brixo.png;1
1111#BRX-10-0243;brixo.png;1
1111#BRX-10-0244;brixo.png;1
1111#BRX-10-0245;brixo.png;1
1111#BRX-10-0246;brixo.png;1
1111#BRX-10-0247;brixo.png;1
1111#BRX-10-0248;brixo.png;1
1111#BRX-10-0249;brixo.png;1
1111#BRX-10-0250;brixo.png;1
1111#BRX-10-0251;brixo.png;1
1111#BRX-10-0252;brixo.png;1
1111#BRX-10-0253;brixo.png;1
1111#BRX-10-0254;brixo.png;1
1111#BRX-10-0255;brixo.png;1
1111#BRX-10-0256;brixo.png;1
1111#BRX-10-0257;brixo.png;1
1111#BRX-10-0258;brixo.png;1
1111#BRX-10-0259;brixo.png;1
1111#BRX-10-0260;brixo.png;1
1111#BRX-10-0261;brixo.png;1
1111#BRX-10-0262;brixo.png;1
1111#BRX-10-0263;brixo.png;1
1111#BRX-10-0264;brixo.png;1
1111#BRX-10-0265;brixo.png;1
1111#BRX-10-0266;brixo.png;1
1111#BRX-10-0267;brixo.png;1
1111#BRX-10-0268;brixo.png;1
1111#BRX-10-0269;brixo.png;1
1111#BRX-10-0270;brixo.png;1
1111#BRX-10-0271;brixo.png;1
1111#BRX-10-0272;brixo.png;1
1111#BRX-10-0273;brixo.png;1
1111#BRX-10-0274;brixo.png;1
1111#BRX-10-0276;brixo.png;1
1111#BRX-10-0277;brixo.png;1
1111#BRX-10-0278;brixo.png;1
1111#BRX-10-0279;brixo.png;1
1111#BRX-10-0280;brixo.png;1
1111#BRX-10-0281;brixo.png;1
1111#BRX-10-0282;brixo.png;1
1111#BRX-10-0283;brixo.png;1
1111#BRX-10-0284;brixo.png;1
1111#BRX-10-0285;brixo.png;1
1111#BRX-10-0286;brixo.png;1
1111#BRX-10-0287;brixo.png;1
1111#BRX-10-0289;brixo.png;1
1111#BRX-10-0290;brixo.png;1
1111#BRX-10-0292;brixo.png;1
1111#BRX-10-0221;brixo.png;1
1111#BRX-10-0275;brixo.png;1
1111#BRX-10-0288;brixo.png;1
1111#BRX-10-0220;brixo.png;1
1111#BRX-10-0291;brixo.png;1
1111#BRX-10-0004-S;brixo.png;1
1111#BRX-10-0010-S;brixo.png;1
1111#BRX-10-0013-S;brixo.png;1
1111#BRX-10-0015-S;brixo.png;1
1111#BRX-10-0016-S;brixo.png;1
1111#BRX-10-0020-S;brixo.png;1
1111#BRX-10-0021-S;brixo.png;1
1111#BRX-10-0023-S;brixo.png;1
1111#BRX-10-0024-S;brixo.png;1
1111#BRX-10-0031-S;brixo.png;1
1111#BRX-10-0033-S;brixo.png;1
1111#BRX-10-0034-S;brixo.png;1
1111#BRX-10-0037-S;brixo.png;1
1111#BRX-10-0039-S;brixo.png;1
1111#BRX-10-0040-S;brixo.png;1
1111#BRX-10-0044-S;brixo.png;1
1111#BRX-10-0045-S;brixo.png;1
1111#BRX-10-0049-S;brixo.png;1
1111#BRX-10-0050-S;brixo.png;1
1111#BRX-10-0052-S;brixo.png;1
1111#BRX-10-0053-S;brixo.png;1
1111#BRX-10-0055-S;brixo.png;1
1111#BRX-10-0056-S;brixo.png;1
1111#BRX-10-0057-S;brixo.png;1
1111#BRX-10-0058-S;brixo.png;1
1111#BRX-10-0062-S;brixo.png;1
1111#BRX-10-0063-S;brixo.png;1
1111#BRX-10-0064-S;brixo.png;1
1111#BRX-10-0067-S;brixo.png;1
1111#BRX-10-0069-S;brixo.png;1
1111#BRX-10-0070-S;brixo.png;1
1111#BRX-10-0073-S;brixo.png;1
1111#BRX-10-0074-S;brixo.png;1
1111#BRX-10-0079-S;brixo.png;1
1111#BRX-10-0081-S;brixo.png;1
1111#BRX-10-0082-S;brixo.png;1
1111#BRX-10-0083-S;brixo.png;1
1111#BRX-10-0084-S;brixo.png;1
1111#BRX-10-0085-S;brixo.png;1
1111#BRX-10-0086-S;brixo.png;1
1111#BRX-10-0087-S;brixo.png;1
1111#BRX-10-0091-S;brixo.png;1
1111#BRX-10-0092-S;brixo.png;1
1111#BRX-10-0093-S;brixo.png;1
1111#BRX-10-0095-S;brixo.png;1
1111#BRX-10-0096-S;brixo.png;1
1111#BRX-10-0097-S;brixo.png;1
1111#BRX-10-0098-S;brixo.png;1
1111#BRX-10-0099-S;brixo.png;1
1111#BRX-10-0100-S;brixo.png;1
1111#BRX-10-0101-S;brixo.png;1
1111#BRX-10-0104-S;brixo.png;1
1111#BRX-10-0105-S;brixo.png;1
1111#BRX-10-0107-S;brixo.png;1
1111#BRX-10-0108-S;brixo.png;1
1111#BRX-10-0113-S;brixo.png;1
1111#BRX-10-0114-S;brixo.png;1
1111#BRX-10-0115-S;brixo.png;1
1111#BRX-10-0117-S;brixo.png;1
1111#BRX-10-0118-S;brixo.png;1
1111#BRX-10-0119-S;brixo.png;1
1111#BRX-10-0120-S;brixo.png;1
1111#BRX-10-0122-S;brixo.png;1
1111#BRX-10-0123-S;brixo.png;1
1111#BRX-10-0126-S;brixo.png;1
1111#BRX-10-0127-S;brixo.png;1
1111#BRX-10-0129-S;brixo.png;1
1111#BRX-10-0130-S;brixo.png;1
1111#BRX-10-0131-S;brixo.png;1
1111#BRX-10-0132-S;brixo.png;1
1111#BRX-10-0134-S;brixo.png;1
1111#BRX-10-0136-S;brixo.png;1
1111#BRX-10-0137-S;brixo.png;1
1111#BRX-10-0140-S;brixo.png;1
1111#BRX-10-0142-S;brixo.png;1
1111#BRX-10-0144-S;brixo.png;1
1111#BRX-10-0145-S;brixo.png;1
1111#BRX-10-0148-S;brixo.png;1
1111#BRX-10-0149-S;brixo.png;1
1111#BRX-10-0150-S;brixo.png;1
1111#BRX-10-0151-S;brixo.png;1
1111#BRX-10-0152-S;brixo.png;1
1111#BRX-10-0153-S;brixo.png;1
1111#BRX-10-0154-S;brixo.png;1
1111#BRX-10-0155-S;brixo.png;1
1111#BRX-10-0156-S;brixo.png;1
1111#BRX-10-0157-S;brixo.png;1
1111#BRX-10-0158-S;brixo.png;1
1111#BRX-10-0159-S;brixo.png;1
1111#BRX-10-0160-S;brixo.png;1
1111#BRX-10-0161-S;brixo.png;1
1111#BRX-10-0162-S;brixo.png;1
1111#BRX-10-0164-S;brixo.png;1
1111#BRX-10-0203-S;brixo.png;1
1111#BRX-10-0204-S;brixo.png;1
1111#BRX-10-0205-S;brixo.png;1
1111#BRX-10-0206-S;brixo.png;1
1111#BRX-10-0207-S;brixo.png;1
1111#BRX-10-0208-S;brixo.png;1
1111#BRX-10-0209-S;brixo.png;1
1111#BRX-10-0210-S;brixo.png;1
1111#BRX-10-0211-S;brixo.png;1
1111#BRX-10-0212-S;brixo.png;1
1111#BRX-10-0213-S;brixo.png;1
1111#BRX-10-0214-S;brixo.png;1
1111#BRX-10-0215-S;brixo.png;1
1111#BRX-10-0216-S;brixo.png;1
1111#BRX-10-0217-S;brixo.png;1
1111#BRX-10-0218-S;brixo.png;1
1111#BRX-10-0219-S;brixo.png;1
1111#BRX-10-0222-S;brixo.png;1
1111#BRX-10-0223-S;brixo.png;1
1111#BRX-10-0224-S;brixo.png;1
1111#BRX-10-0225-S;brixo.png;1
1111#BRX-10-0226-S;brixo.png;1
1111#BRX-10-0227-S;brixo.png;1
1111#BRX-10-0228-S;brixo.png;1
1111#BRX-10-0229-S;brixo.png;1
1111#BRX-10-0230-S;brixo.png;1
1111#BRX-10-0231-S;brixo.png;1
1111#BRX-10-0232-S;brixo.png;1
1111#BRX-10-0233-S;brixo.png;1
1111#BRX-10-0234-S;brixo.png;1
1111#BRX-10-0235-S;brixo.png;1
1111#BRX-10-0236-S;brixo.png;1
1111#BRX-10-0237-S;brixo.png;1
1111#BRX-10-0238-S;brixo.png;1
1111#BRX-10-0239-S;brixo.png;1
1111#BRX-10-0240-S;brixo.png;1
1111#BRX-10-0241-S;brixo.png;1
1111#BRX-10-0242-S;brixo.png;1
1111#BRX-10-0243-S;brixo.png;1
1111#BRX-10-0244-S;brixo.png;1
1111#BRX-10-0245-S;brixo.png;1
1111#BRX-10-0246-S;brixo.png;1
1111#BRX-10-0247-S;brixo.png;1
1111#BRX-10-0248-S;brixo.png;1
1111#BRX-10-0249-S;brixo.png;1
1111#BRX-10-0250-S;brixo.png;1
1111#BRX-10-0251-S;brixo.png;1
1111#BRX-10-0252-S;brixo.png;1
1111#BRX-10-0253-S;brixo.png;1
1111#BRX-10-0254-S;brixo.png;1
1111#BRX-10-0255-S;brixo.png;1
1111#BRX-10-0256-S;brixo.png;1
1111#BRX-10-0257-S;brixo.png;1
1111#BRX-10-0258-S;brixo.png;1
1111#BRX-10-0259-S;brixo.png;1
1111#BRX-10-0260-S;brixo.png;1
1111#BRX-10-0261-S;brixo.png;1
1111#BRX-10-0262-S;brixo.png;1
1111#BRX-10-0263-S;brixo.png;1
1111#BRX-10-0264-S;brixo.png;1
1111#BRX-10-0265-S;brixo.png;1
1111#BRX-10-0266-S;brixo.png;1
1111#BRX-10-0267-S;brixo.png;1
1111#BRX-10-0268-S;brixo.png;1
1111#BRX-10-0269-S;brixo.png;1
1111#BRX-10-0270-S;brixo.png;1
1111#BRX-10-0271-S;brixo.png;1
1111#BRX-10-0272-S;brixo.png;1
1111#BRX-10-0273-S;brixo.png;1
1111#BRX-10-0274-S;brixo.png;1
1111#BRX-10-0276-S;brixo.png;1
1111#BRX-10-0277-S;brixo.png;1
1111#BRX-10-0278-S;brixo.png;1
1111#BRX-10-0279-S;brixo.png;1
1111#BRX-10-0280-S;brixo.png;1
1111#BRX-10-0281-S;brixo.png;1
1111#BRX-10-0282-S;brixo.png;1
1111#BRX-10-0283-S;brixo.png;1
1111#BRX-10-0284-S;brixo.png;1
1111#BRX-10-0285-S;brixo.png;1
1111#BRX-10-0286-S;brixo.png;1
1111#BRX-10-0287-S;brixo.png;1
1111#BRX-10-0289-S;brixo.png;1
1111#BRX-10-0290-S;brixo.png;1
1111#BRX-10-0292-S;brixo.png;1
1111#BRX-10-0221-S;brixo.png;1
1111#BRX-10-0275-S;brixo.png;1
1111#BRX-10-0288-S;brixo.png;1
1111#BRX-10-0220-S;brixo.png;1
1111#BRX-10-0291-S;brixo.png;1
1111#BRX-14-0222;brixo.png;1
1111#BRX-14-0223;brixo.png;1
1111#BRX-14-0224;brixo.png;1
1111#BRX-14-0225;brixo.png;1
1111#BRX-14-0226;brixo.png;1
1111#BRX-14-0227;brixo.png;1
1111#BRX-14-0228;brixo.png;1
1111#BRX-14-0229;brixo.png;1
1111#BRX-14-0230;brixo.png;1
1111#BRX-14-0231;brixo.png;1
1111#BRX-14-0233;brixo.png;1
1111#BRX-14-0234;brixo.png;1
1111#BRX-14-0235;brixo.png;1
1111#BRX-14-0236;brixo.png;1
1111#BRX-14-0237;brixo.png;1
1111#BRX-14-0239;brixo.png;1
1111#BRX-14-0240;brixo.png;1
1111#BRX-14-0241;brixo.png;1
1111#BRX-14-0242;brixo.png;1
1111#BRX-14-0243;brixo.png;1
1111#BRX-14-0244;brixo.png;1
1111#BRX-14-0245;brixo.png;1
1111#BRX-14-0246;brixo.png;1
1111#BRX-14-0247;brixo.png;1
1111#BRX-14-0248;brixo.png;1
1111#BRX-14-0251;brixo.png;1
1111#BRX-14-0252;brixo.png;1
1111#BRX-14-0253;brixo.png;1
1111#BRX-14-0254;brixo.png;1
1111#BRX-14-0256;brixo.png;1
1111#BRX-14-0257;brixo.png;1
1111#BRX-14-0258;brixo.png;1
1111#BRX-14-0259;brixo.png;1
1111#BRX-14-0221;brixo.png;1
1111#BRX-14-0232;brixo.png;1
1111#BRX-14-0238;brixo.png;1
1111#BRX-14-0255;brixo.png;1
1111#BRX-14-0249;brixo.png;1
1111#BRX-14-0250;brixo.png;1
1111#BRX-14-0034;brixo.png;1
1111#BRX-14-0260;brixo.png;1
1111#BRX-14-0222-S;brixo.png;1
1111#BRX-14-0223-S;brixo.png;1
1111#BRX-14-0224-S;brixo.png;1
1111#BRX-14-0225-S;brixo.png;1
1111#BRX-14-0226-S;brixo.png;1
1111#BRX-14-0227-S;brixo.png;1
1111#BRX-14-0228-S;brixo.png;1
1111#BRX-14-0229-S;brixo.png;1
1111#BRX-14-0230-S;brixo.png;1
1111#BRX-14-0231-S;brixo.png;1
1111#BRX-14-0233-S;brixo.png;1
1111#BRX-14-0234-S;brixo.png;1
1111#BRX-14-0235-S;brixo.png;1
1111#BRX-14-0236-S;brixo.png;1
1111#BRX-14-0237-S;brixo.png;1
1111#BRX-14-0239-S;brixo.png;1
1111#BRX-14-0240-S;brixo.png;1
1111#BRX-14-0241-S;brixo.png;1
1111#BRX-14-0242-S;brixo.png;1
1111#BRX-14-0243-S;brixo.png;1
1111#BRX-14-0244-S;brixo.png;1
1111#BRX-14-0245-S;brixo.png;1
1111#BRX-14-0246-S;brixo.png;1
1111#BRX-14-0247-S;brixo.png;1
1111#BRX-14-0248-S;brixo.png;1
1111#BRX-14-0251-S;brixo.png;1
1111#BRX-14-0252-S;brixo.png;1
1111#BRX-14-0253-S;brixo.png;1
1111#BRX-14-0254-S;brixo.png;1
1111#BRX-14-0256-S;brixo.png;1
1111#BRX-14-0257-S;brixo.png;1
1111#BRX-14-0258-S;brixo.png;1
1111#BRX-14-0259-S;brixo.png;1
1111#BRX-14-0221-S;brixo.png;1
1111#BRX-14-0232-S;brixo.png;1
1111#BRX-14-0238-S;brixo.png;1
1111#BRX-14-0255-S;brixo.png;1
1111#BRX-14-0249-S;brixo.png;1
1111#BRX-14-0250-S;brixo.png;1
1111#BRX-14-0034-S;brixo.png;1
1111#BRX-14-0260-S;brixo.png;1
